,ȣ,,1 ڵ ÷ Ǽ
1,ͳ ǸŻƮ, ʱ,10
2,պǽ, ,3
3,Ѳ޺ǹ, ߱,3
4,ī,λ ,3
5,õﺹǹ, ,3
6,ູѻ (γ), ֽ,2
7,йиǹ, ֽ,2
8,溹,  ȱ,2
9,ζѴ, Ȼ ϱ,2
10,Ϸ ȫ, ȼ,2
11,ϵ, ֽ,2
12,, ν,2
13,츮ζ, ν,2
14,ǥ, ,2
15,Ե,λ ,2
16,ǳ, Ǳ,2
17,׷帶Ʈհ, ,2
18,̺ǹ, α,2
19,õϸƮ,õ ,2
20,ϺǸ,õ ,2
21,NBA(),õ ߱,2
22,Ǽ, ,2
23,, ȱ,2
24,Ǹ, ,2
25,NG24, ĥ,2
26,ζǺ IC, ׽ ϱ,2
27,˸, 걸,2
28,뱤ǹ, ȭ,2
29,Ʈü, ,2
30,ζǸع,泲 ,2
31,ζǸ,泲 ƻ,2
32,ݵβ񺹱ǹ,  ϻ꼭,2
33,縶߹, ֽ,2
34,Ȳݺǹ, ֽ,2
35,ζǺǵ,泲 õȽ ϱ,2
36,, ,2
37,úǹ, ֽ,2
38,Ű, ,1
39,TO TO, ,1
40,躹ǹ, ô,1
41, ζ, ֽ,1
42,似, ֽ,1
43,ǳ, ֽ,1
44, ǹ, ,1
45,ζ, õ,1
46,︸ζ, õ,1
47,, õ,1
48,帲ǽ, õ,1
49,, õ,1
50,öϷζ, ¹,1
51,âζ, â,1
52,, â,1
53,ڷζ, ,1
54,ɱζǹ,  籸,1
55,,  籸,1
56,¼,  ϻ굿,1
57,ڳ ,  ϻ굿,1
58,ϻ꺹,  ϻ꼭,1
59,ֿ ζǸ,  ϻ꼭,1
60,25,  ϻ꼭,1
61,̸Ʈ24 ϻ,  ϻ꼭,1
62,  ǹ, ,1
63,ζǸ, ,1
64,ǹ, ֽ,1
65,, ,1
66,ѹи, ,1
67,, ,1
68,λȸ, ,1
69,õ ζǸ, ,1
70,ѾƸ , ,1
71,ζǸ, ,1
72,ζ, ,1
73,, ֽ,1
74,ǹ, ֽ,1
75,Ϸ쳲, ֽ,1
76,κ, õ,1
77,ǥ, õ һ籸,1
78,Ȳݴ, õ ,1
79,ζǴ, õ ̱,1
80,ǳ, õ ̱,1
81,㺹, õ ̱,1
82,Ϸ ߵ, õ ̱,1
83,ڽ, õ ̱,1
84,׸Ʈ,  д籸,1
85,ζ Ǳ,  д籸,1
86,111ȣ,  д籸,1
87, Ǵ,  ,1
88,Ȳݿ,  ߿,1
89,1ǹ,  ߿,1
90,ǿ,  ߿,1
91,ູǹ,  ߿,1
92,Ǹ,  ߿,1
93,õϸ纹ǹ Ѽ,  Ǽ,1
94,ȣŽǺǹ,  Ǽ,1
95,´ζ,  Ǽ,1
96,ȣŽ 帲ζ,  Ǽ,1
97,1 , ,1
98,25ý, ,1
99,ڳ, ,1
100,ġǹ, ,1
101,ִ», ν óα,1
102,ູζǸ, ν,1
103,, ν,2
104,ǹ, ν,1
105,Ϻν, ν,1
106,츮ζ, ν,2
107,ǹ, ν,1
108,帲ǹ, ν,1
109,ġ(HX)ǹ, õ,1
110,, ,1
111,õϸ纹ǹ, ,1
112,ζ, ,1
113,ǥ, ,2
114,ǹ, ,1
115,8888ζ, ,1
116,߾ӷζ, ,1
117,õζǹ, ,1
118,, ߱,1
119,ζǴ³, ߱,1
120,Ǹ, ߱,1
121,ǹ,λ ,1
122,ٿºǹ,λ ,1
123,Ǹ,λ 屺,1
124,عٶ ǹ,λ 屺,1
125,彴,λ 屺,1
126,̷ζǹ,λ ,1
127,ġ(BH),λ ,1
128,̽,λ ,1
129,Ȳݷζ,λ ,1
130,ī,λ ,3
131,´°,λ ,1
132,ǹ,λ ,1
133,Ϻǹ,λ λ,1
134,Ϸζ,λ λ,1
135,뱸,λ λ,1
136,Ű,λ ϱ,1
137,ڷζ,λ ϱ,1
138,Ʈ̽,λ ,1
139,ζǸ,λ ϱ,1
140,ǹ,λ ϱ,1
141,ûּ,λ ϱ,1
142,´°,λ ,1
143,͸ǹ,λ ,1
144,,λ ,1
145,캹,λ ,1
146,Ե,λ ,2
147,ѹ̸Ʈ,λ ,1
148,շζ,λ ,1
149,뱳Ǹ,λ ,1
150,亣ü,λ ߱,1
151,ζ,λ ߱,1
152,,λ ߱,1
153,浿÷,λ ؿ뱸,1
154, ζǹ, ,1
155,ƼƮ, ,1
156,, ,1
157,ζǺǴġ, ,1
158,  , ,1
159,ī, ,1
160,, ,1
161,ѹи, ,1
162,6/45 ζ, ,1
163,纹ǹ, ,1
164,Ȯõ, ,1
165,, ,1
166,ζǺ, ,1
167,̳ǰ(ζǸ), ,1
168,, ,1
169,ǳ, Ǳ,2
170,ູ  ̾߱, Ǳ,1
171,ǳ, Ǳ,1
172,Ǹ, Ǳ,1
173,ǹ, ,1
174,Ҹ, α,1
175,Ǹ, α,1
176,ζ õ, α,1
177,ϳ, α,1
178,ٸƺ, α,1
179,88, õ,1
180,Ȱ, õ,1
181,̷ζ, õ,1
182, ǹ, ,1
183,Ȳݴ, ,1
184,ǹ, ,1
185,ڷζǺ, 빮,1
186,հ, 빮,1
187, 3ⱸ Ǵ, 빮,1
188,̴Ͻ, ۱,1
189,Ż, ,1
190,׷帶Ʈհ, ,2
191,Űﺹǻ, ,1
192,, 빮,1
193,Ͻǰ, 빮,1
194,Ͻ, 빮,1
195,ο, 빮,1
196,̻, ʱ,1
197,̻, ʱ,1
198,īζ, ʱ,1
199,ͳ ǸŻƮ, ʱ,10
200,밡, ,1
201,õϸ纹ǹ, ϱ,1
202,̾س, ϱ,1
203,ũιٽ, ı,1
204,Ŭι Ǹ, ı,1
205,ūǸż, ı,1
206,Ǽ, õ,1
207,ζǺǸ, õ,1
208,GƮ, ,1
209,ζǸ, ,1
210,÷, ,1
211,Ǹ, ,1
212,ζŷ, ,1
213,, ,1
214,ޢ߿, ,1
215,Ǹ, 걸,1
216,ǹ, ,1
217,̺ǹ, α,2
218,31ȣ2ⱸǸ82ȣ, α,1
219,14ȣ, ߱,1
220,ǹ, ߱,1
221, ζǺ, ߱,1
222,ǰ, ߶,1
223,뽴, ߶,1
224,Ʈζ, ߶,1
225,CU8,,1
226,ζǸݰ,,1
227,ζǹ,,1
228,Ȳݵ,,1
229,ȭ(1ǹ), ,1
230,ζ, ,1
231,̽ ζ, ,1
232,ζǺ, ,1
233,24, ,1
234,ڸ, ϱ,1
235,ȸ, ϱ,1
236,纹, ֱ,1
237,ݺ, ֱ,1
238,̸Ʈ, ֱ,1
239,1ǹ, ֱ,1
240,̷긶Ʈǹ, ߱,1
241,Ѳ޺ǹ, ߱,3
242,,õ 籸,1
243,Ľ,õ 籸,1
244,ϳ,õ ,1
245,žζ,õ ,1
246, ,õ ,1
247,뵿,õ ,1
248,ҷ,õ ,1
249,Ȩ̷ζǺ,õ ,1
250,ζ ,õ ,1
251,ζǻ,õ ,1
252,ζǺǸ,õ ,1
253,õ,õ Ȧ,1
254,Ѽֺ&Ʈ,õ Ȧ,1
255,泲ȸ,õ Ȧ,1
256,ǹ,õ ,1
257,ǿձ,õ ,1
258,õϸƮ,õ ,2
259,ڿǹ,õ ,1
260,ǥ,õ ,1
261,ζǺǹ,õ ,1
262,ζ,õ ,1
263,Ͽ,õ ,1
264,ںǹ,õ ,1
265,ϺǸ,õ ,2
266,￢,õ ,1
267,帲ǹ,õ ,1
268,뼳 / ϴ ζ,õ ߱,1
269,NBA(),õ ߱,2
270,̸Ʈ24쵿1ǹ, ﱺ,1
271,ζ, ,1
272,Ȳݾ˺, ,1
273,˸(), ֽ,1
274,ǰǹ, ,1
275,ûȣǹ, ,1
276,Ǽ, ,2
277,, ȱ,2
278,丶 Ǻǹ, ȱ,1
279,ζ, ,1
280,ζ, õ,1
281,κǹ, õ,1
282,ؼζ, ûֽ 籸,1
283,ǳ, ûֽ 籸,1
284,ŰζǺǸ, ûֽ 籸,1
285,Ǹ, ûֽ 籸,1
286,õݺǹ, ûֽ 籸,1
287,ϵǹ, ûֽ ,1
288,ζǽƩ, ûֽ û,1
289,ູǹ, ûֽ ,1
290,, ûֽ ,1
291,帲ǹ, ûֽ ,1
292,㸶Ʈ, ûֽ ,1
293,񿥺, ûֽ ,1
294,ҿζ, ֽ,1
295,ڸ, ֽ,1
296,Ѻ3 õ, ֽ,1
297, Ƿ, ֽ,1
298,̺ǹ, ý,1
299,ϵǸ, õ,1
300,, ϳ,1
301,, ȭ,1
302,ǵ弼, ȭ,1
303,, ȭ,1
304,ζ1Ǹ, ȭ,1
305,޲ٴµ, ȭ,1
306,õϸ, ȭ,1
307,GO 1, ȭ,1
308,õϸ纹ǹ,泲 ,1
309, (CU) â뵿,泲 â,1
310,ƸƸ,泲 ؽ,1
311,ȭްԼ,泲 õ,1
312, Ǹ,泲 û,1
313,ζǺ,泲 ,1
314,ǹ,泲 ,1
315,õϸ,泲 ,1
316,(GS25),泲 ,1
317,Ȳݳ,泲 ,1
318,溼Ʈζ,泲 ,1
319,˲޷ζ,泲 ֽ,1
320,,泲 â ȸ,1
321,̸Ʈ24 길,泲 â ȸ,1
322,ǹ,泲 â 걸,1
323, â,泲 â â,1
324,׷ζ,泲 Ծȱ,1
325,Ǹ, ,2
326,̽ ּ, ֽ,1
327,CU뼭, ֽ,1
328, ǹ, ̽,1
329,ζ, ̽,1
330,ζǾȰƮ, ̽,1
331,Ⱥ, õ,1
332,մںǹ, ,1
333,Ȩǹ, ,1
334,ȭζ, 籺,1
335,Ǵ, õ,1
336,ϵζǺ Ǹ, õ,1
337,뵿, õ,1
338,Ǹ, ,1
339,NG24, ĥ,2
340,ϵ, ĥ,1
341,GSõι, ׽ ,1
342,ζǺ IC, ׽ ϱ,2
343,̳׺ǸƮ , ׽ ϱ,1
344,ູ, ׽ ϱ,1
345,׿ŸCU , ׽ ϱ,1
346,˸, 걸,2
347,ö ζ, 걸,1
348,, 걸,1
349,ȣθƮ, 걸,1
350,ǹ, ,1
351,+24, ϱ,1
352,, ϱ,1
353,뺹Ǹ, ϱ,1
354,ȣ, ,1
355,õﺹǹ, ,3
356,󹫺, ,1
357,ζǺ,뱸 ,1
358,ٴٺǹ,뱸 ޼,1
359,θ纹ǹ,뱸 ޼,1
360,簭ζ,뱸 ޼,1
361,õϸ纹,뱸 ϱ,1
362,õϸ纹,뱸 ϱ,1
363,ζǸ(Ϻ),뱸 ,1
364,庹,뱸 ,1
365,,뱸 ,1
366,Ȧο,뱸 ,1
367,Ʈμ,뱸 ߱,1
368,̸Ʈ24 õ, õ,1
369,¥Ʈ, õ,1
370,߾Ӻ, žȱ,1
371,ǳ, ,1
372,, ,1
373,͹̳, ,1
374,뱤ǹ, ȭ,2
375, , ,1
376, , ,1
377,־׺ǹ, ,1
378,ǹ, ,1
379,ζ, ֽ ,1
380,ζǷκ, ֽ ϻ걸,1
381,漮, ֽ ϻ걸,1
382,͹̳κǹ, ,1
383,Ʈü, ,2
384,ũιǹ, ,1
385,&Ʈ, ,1
386,õϸ纹Ǹ, ֽ,1
387,ķƮ , ֽ,1
388,Ž, ֽ,1
389,Ʃ, ֽ,1
390,Ϻ, ֽ,1
391,ȿ纹Ǹ, ֽ,1
392, ֿϷ, ֽ,1
393,,泲 ,1
394,β񺹱ǹ,泲 ֽ,1
395,,泲 ,1
396,溹ǹ,泲 ,1
397,λ ǹ,泲 ,1
398,ζǸ,泲 ,1
399,ݼշζǸ,泲 ,1
400,,泲 ο,1
401,̽,泲 ο,1
402,ζǸع,泲 ,2
403,777õϸ,泲 õ,1
404,ζǸ,泲 ƻ,2
405,̸Ʈ24ƻ굵,泲 ƻ,1
406,ڸƮǹ,泲 ƻ,1
407,ູζ,泲 ƻ,1
408,ǹ,泲 걺,1
409,GS25꼭,泲 걺,1
410,õϸ,泲 걺,1
411,꽴,泲 õȽ ,1
412,뺹ǹ,泲 õȽ ,1
413,ζ Ҵ,泲 õȽ ϱ,1
414,Ȳݷζ ,泲 õȽ ϱ,1
415,ζǺǵ,泲 õȽ ϱ,2
416,źҴζ,泲 õȽ ϱ,1
417,ڷζ,泲 õȽ ϱ,1
418,ȸںǹ,泲 ¾ȱ,1
419,¾ȷζǺǹ,泲 ¾ȱ,1
420,õϸ纹ǹ,泲 ȫ,1
421,ζ, ,1
422,ζǹ, õ,1
423,Ŵ, ,1
424,, ,1
